titleint,boxdom,boxint,boxtot
Edmond,"$131,719","$111,805","$243,524"
The Shining,"$45,332,952","$1,666,342","$46,999,294"
Hidden Figures,"$169,607,287","$66,617,906","$236,225,193"
Indiana Jones and the Raiders of the Lost Ark,"$248,159,971","$141,766,000","$389,925,971"
A Silent Voice: The Movie,"$644,391","$29,846,056","$30,490,447"
Once Upon a Time in America,"$5,321,508","$151,406","$5,472,914"
City Lights,"$19,181","$26,827","$46,008"
Pulp Fiction,"$107,928,762","$106,000,000","$213,928,762"
Prisoners,"$61,002,302","$61,124,385","$122,126,687"
The Elephant Man,"$26,010,864","$12,597","$26,023,461"
My Life as a Zucchini,"$309,766","$5,563,490","$5,873,256"
Gladiator,"$187,705,427","$277,659,118","$465,364,545"
The Dark Knight Rises,"$448,139,099","$633,003,513","$1,081,142,612"
Gone Girl,"$167,767,189","$201,563,174","$369,330,363"
Inglourious Basterds,"$120,540,719","$200,914,970","$321,455,689"
Song of the Sea,"$857,522","$3,333,362","$4,190,884"
Wonder,"$132,422,809","$173,517,797","$305,940,606"
Weathering with You,"$7,798,743","$185,663,603","$193,462,346"
The Truman Show,"$125,618,201","$138,500,000","$264,118,201"
Citizen Kane,"$1,585,634","$15,085","$1,600,719"
Raging Bull,"$23,383,987","$18,440","$23,402,427"
Back to the Future Part II,"$119,000,002","$213,500,000","$331,950,002"
Dead Poets Society,"$95,860,116","$140,000,000","$235,860,116"
Dances with Wolves,"$184,208,848","$240,000,000","$424,208,848"
It's a Wonderful Life,"$44,000","$6,140,298","$6,184,298"
Casino,"$42,512,375","$73,600,000","$116,112,375"
The Theory of Everything,"$35,893,537","$87,833,151","$123,726,688"
Into the Wild,"$18,354,356","$38,321,539","$56,675,895"
How to Train Your Dragon: The Hidden World,"$160,799,505","$363,584,144","$524,383,649"
Taxi Driver,"$28,262,574","$178,718","$28,441,292"
Inside Out,"$356,921,711","$501,149,639","$858,071,350"
Harry Potter and the Deathly Hallows: Part 2,"$381,409,310","$960,814,625","$1,342,223,936"
Dallas Buyers Club,"$27,298,285","$28,438,303","$55,736,588"
Heat,"$67,436,818","$120,000,000","$187,436,818"
Aladdin,"$355,559,216","$695,134,737","$1,050,693,953"
My Neighbor Totoro,"$2,250,213","$28,297,348","$30,547,561"
Castle in the Sky,"$523,664","$5,516,357","$6,040,021"
Howl's Moving Castle,"$5,576,743","$230,637,703","$236,214,446"
Toy Story 4,"$434,038,008","$639,356,585","$1,073,394,593"
The Sixth Sense,"$293,506,292","$379,300,000","$672,806,292"
The Insult,"$1,001,305","$2,600,298","$3,601,603"
Rain Man,"$172,825,435","$182,000,000","$354,825,435"
The Prestige,"$53,089,891","$56,586,420","$109,676,311"
E.T. the Extra-Terrestrial,"$435,110,554","$304,203,888","$792,910,554"
One Flew Over the Cuckoo's Nest,"$108,981,275","$16,354","$108,997,629"
The Imitation Game,"$91,125,683","$142,430,025","$233,555,708"
Your Name.,"$5,017,246","$352,968,841","$357,986,087"
The Lord of the Rings: The Return of the King,"$377,845,905","$764,611,082","$1,142,456,987"
The Shawshank Redemption,"$28,699,976","$117,315","$28,817,291"
"Three Billboards Outside Ebbing, Missouri","$54,513,740","$105,678,291","$160,192,031"
The Dark Knight,"$534,858,444","$471,115,201","$1,005,973,645"
The Godfather,"$134,966,411","$111,154,575","$246,120,986"
The Green Mile,"$136,801,374","$150,000,000","$286,801,374"
Ready Player One,"$137,690,172","$445,203,499","$582,893,671"
Schindler's List,"$96,898,818","$225,262,427","$322,161,245"
Carlito's Way,"$36,948,322","$26,900,000","$63,848,322"
In Safe Hands,"$1,737","$7,084,859","$7,086,596"
Philadelphia,"$77,446,440","$129,232,000","$206,678,440"
Call Me by Your Name,"$18,095,701","$23,792,959","$41,888,660"
Vertigo,"$7,705,225","$92,075","$7,797,300"
Ugetsu,"$11,197","$13,762","$24,959"
Ratatouille,"$206,445,654","$417,280,431","$623,726,085"
Scarface,"$45,408,703","$20,476,000","$65,884,703"
The Mustang,"$5,043,620","$1,362,196","$6,405,816"
Up,"$293,004,164","$442,094,938","$735,099,102"
WALL·E,"$223,808,164","$297,503,696","$521,311,860"
Forrest Gump,"$330,455,270","$347,770,863","$678,226,133"
Avatar,"$760,507,625","$2,029,931,467","$2,790,439,092"
The King's Speech,"$138,797,449","$288,576,868","$427,374,317"
Saving Private Ryan,"$217,049,603","$265,300,000","$482,349,603"
Spider-Man: Into the Spider-Verse,"$190,241,310","$185,299,521","$375,540,831"
The Broken Circle Breakdown,"$175,058","$5,815,696","$5,990,754"
How to Train Your Dragon 2,"$177,002,924","$444,534,595","$621,537,519"
The Greatest Showman,"$174,340,174","$260,769,981","$435,110,155"
The Pianist,"$32,572,577","$87,500,000","$120,072,577"
The Deer Hunter,"$48,979,328","$94,915","$49,074,243"
Apocalypse Now,"$83,471,511","$8,672,994","$92,144,505"
Mommy,"$3,494,070","$9,662,786","$13,156,856"
Princess Mononoke,"$4,845,631","$164,940,073","$169,785,704"
Room,"$14,677,654","$20,724,104","$35,401,758"
Edward Scissorhands,"$56,362,352","$29,661,653","$86,024,005"
The Boy and the Beast,"$490,643","$49,278,001","$49,768,644"
1917,"$159,227,644","$225,688,168","$384,915,812"
Alien,"$81,900,459","$24,385,063","$106,285,522"
The Help,"$169,708,112","$46,931,000","$216,639,112"
Reservoir Dogs,"$2,832,029","$58,386","$2,890,415"
Indiana Jones and the Last Crusade,"$197,171,806","$277,000,000","$474,171,806"
Toy Story 3,"$415,004,880","$651,965,931","$1,066,970,811"
Fight Club,"$37,030,102","$64,179,491","$101,209,593"
The Lord of the Rings: The Two Towers,"$342,551,365","$600,844,768","$943,396,133"
Gran Torino,"$148,095,302","$121,862,926","$269,958,228"
Parasite,"$53,369,749","$205,460,672","$258,830,421"
Django Unchained,"$162,805,434","$262,562,804","$425,368,238"
The Lion King,"$543,638,043","$1,114,232,943","$1,657,870,986"
The Lord of the Rings: The Fellowship of the Ring,"$315,544,750","$572,614,342","$888,159,092"
Psycho,"$32,000,000","$40,242","$32,040,242"
Million Dollar Baby,"$100,492,203","$116,271,443","$216,763,646"
Modern Times,"$163,577","$294,111","$457,688"
Star Wars: Episode VI - Return of the Jedi,"$309,306,177","$122,009,457","$475,106,177"
The Silence of the Lambs,"$130,742,922","$142,000,000","$272,742,922"
Spirited Away,"$13,750,644","$341,725,273","$355,475,917"
Star Wars: Episode IV - A New Hope,"$460,998,507","$195,751,992","$775,398,007"
Joker,"$335,451,311","$738,800,000","$1,074,251,311"
Back to the Future,"$211,406,762","$170,500,000","$381,109,762"
The Intouchables,"$10,198,820","$416,389,690","$426,588,510"
Bohemian Rhapsody,"$216,668,042","$688,336,487","$905,004,529"
Whiplash,"$13,092,000","$36,304,747","$49,396,747"
Life Is Beautiful,"$57,563,264","$172,535,489","$230,098,753"
American History X,"$6,719,864","$17,155,263","$23,875,127"
Hacksaw Ridge,"$67,209,615","$113,241,303","$180,450,918"
Inception,"$292,576,195","$544,260,772","$836,836,967"
The Tale of The Princess Kaguya,"$974,913","$23,731,253","$24,706,166"
Incendies,"$2,071,334","$5,028,264","$7,099,598"
The Kid,"$1,508,593","$53,105","$1,561,698"
Avengers: Infinity War,"$678,815,482","$1,369,544,272","$2,048,359,754"
The Matrix,"$171,479,930","$294,884,752","$466,364,682"
Captain Fantastic,"$5,879,835","$17,243,757","$23,123,592"
Zootopia,"$341,268,248","$682,524,310","$1,023,792,558"
12 Years a Slave,"$56,671,993","$131,061,209","$187,733,202"
Titanic,"$659,363,944","$1,812,390,363","$2,471,754,307"
Rush,"$26,947,624","$70,035,385","$96,983,009"
Rear Window,"$36,764,313","$270,201","$37,034,514"
The Godfather: Part II,"$47,834,595","$201,188","$48,035,783"
How to Train Your Dragon,"$217,581,231","$277,297,528","$494,878,759"
Ford v Ferrari,"$117,624,357","$107,883,853","$225,508,210"
Lion,"$51,738,905","$88,574,023","$140,312,928"
Goodfellas,"$46,836,214","$116,777","$46,952,991"
Se7en,"$100,125,643","$227,207,916","$327,333,559"
Once Upon a Time in the West,"$5,321,508","$113,317","$5,415,645"
Star Wars: Episode V - The Empire Strikes Back,"$292,753,960","$190,685,234","$538,375,067"
"The Good, the Bad and the Ugly","$25,100,000","$152,927","$25,252,927"
Green Book,"$85,080,171","$236,672,485","$321,752,656"
Shutter Island,"$128,012,934","$166,792,763","$294,805,697"
Coco,"$210,460,015","$597,357,873","$807,817,888"
Warrior,"$13,657,115","$9,651,500","$23,308,615"
Oldboy,"$707,481","$14,294,635","$15,002,116"
The Notebook,"$81,001,787","$36,813,370","$117,815,157"
Interstellar,"$188,020,017","$513,703,663","$701,723,680"
Incredibles 2,"$608,581,744","$634,507,500","$1,243,089,244"
Amadeus,"$51,973,029","$93,762","$52,066,791"
My Name Is Khan,"$4,018,771","$38,326,589","$42,345,360"
Slumdog Millionaire,"$141,319,928","$237,090,614","$378,410,542"
Singin' in the Rain,"$1,826,108","$38,948","$1,865,056"
The Hobbit: An Unexpected Journey,"$303,003,568","$714,000,000","$1,017,003,568"
Braveheart,"$75,609,945","$137,606,271","$212,215,441"
A Star Is Born,"$215,288,866","$220,900,000","$436,188,866"
Kingsman: The Secret Service,"$128,261,724","$286,089,822","$414,351,546"
Delivery Man,"$30,664,106","$22,456,240","$53,120,346"
Pirate Radio,"$8,017,917","$28,330,867","$36,348,784"
"Like Father, Like Son","$334,616","$36,835,547","$37,170,163"
The Perks of Being a Wallflower,"$17,742,948","$15,641,179","$33,384,127"
The Breadwinner,"$313,215","$2,476,999","$2,790,214"
Moana,"$248,757,044","$394,593,954","$643,350,998"
American Beauty,"$130,096,601","$226,200,000","$356,296,601"
The Fault in Our Stars,"$124,872,350","$182,294,484","$307,166,834"
The Revenant,"$183,637,894","$349,312,609","$532,950,503"
The Wolf of Wall Street,"$116,900,694","$275,100,000","$392,000,694"
Die Hard,"$83,844,093","$57,759,104","$141,603,197"
Guardians of the Galaxy,"$333,718,600","$439,631,547","$773,350,147"
The Fifth Element,"$63,820,180","$200,100,000","$263,920,180"
Tangled,"$200,821,936","$391,640,023","$592,461,959"
Southpaw,"$52,421,953","$39,548,874","$91,970,827"
Platoon,"$138,530,565","$15,067","$138,545,632"
Colonia,"$15,709","$3,605,337","$3,621,046"
Dial M for Murder,"$12,562","$6,254","$18,816"
Nausicaä of the Valley of the Wind,"$495,770","$8,240,736","$8,736,506"
The Hunt,"$613,308","$15,229,966","$15,843,274"
Snatch,"$30,328,156","$53,229,716","$83,557,872"
The Secret in Their Eyes,"$6,391,436","$28,688,214","$35,079,650"
Star Wars: Episode III - Revenge of the Sith,"$380,270,577","$488,119,983","$868,390,560"
City of God,"$7,564,459","$23,116,334","$30,680,793"
Sunset Blvd.,"$299,645",$428,"$300,073"
Isle of Dogs,"$32,015,231","$32,284,126","$64,299,357"
The Bridges of Madison County,"$71,516,617","$110,500,000","$182,016,617"
Lee Daniels' The Butler,"$116,632,095","$60,681,700","$177,313,795"
Papillon,"$2,335,896","$7,725,007","$10,060,903"
Casablanca,"$4,108,411","$267,876","$4,376,287"
Unforgiven,"$101,157,447","$58,000,000","$159,157,447"
God's Own Country,"$335,609","$2,224,330","$2,559,939"
Departures,"$1,498,210","$69,138,741","$70,636,951"
Avengers: Endgame,"$858,373,000","$1,939,427,564","$2,797,800,564"
Alita: Battle Angel,"$85,838,210","$319,142,333","$404,980,543"
Pride,"$1,446,634","$15,328,995","$16,775,629"
When Marnie Was There,"$561,085","$34,388,482","$34,949,567"
Memories of Murder,"$15,357","$1,142,805","$1,158,162"
Gifted,"$24,801,212","$18,268,042","$43,069,254"
Eternal Sunshine of the Spotless Mind,"$34,400,301","$39,636,414","$74,036,715"
Children of Paradise,"$36,986","$5,795","$42,781"
Mystic River,"$90,135,191","$66,460,000","$156,595,191"
The Hate U Give,"$29,719,483","$5,214,526","$34,934,009"
Straight Outta Compton,"$161,197,785","$40,437,206","$201,634,991"
Toy Story,"$223,225,679","$171,210,907","$373,554,033"
BPM (Beats Per Minute),"$125,189","$7,579,180","$7,704,369"
Jurassic Park,"$404,214,720","$629,713,583","$1,033,928,303"
The Grand Budapest Hotel,"$59,301,324","$113,643,202","$172,944,526"
Requiem for a Dream,"$3,635,482","$3,754,626","$7,390,108"
The Nightmare Before Christmas,"$77,368,668","$14,122,579","$91,491,247"
Saving Mr. Banks,"$83,301,580","$34,566,404","$117,867,984"
Terminator 2: Judgment Day,"$205,881,154","$312,106,698","$520,881,154"
Lone Survivor,"$125,095,601","$29,707,311","$154,802,912"
Loving Vincent,"$6,735,118","$35,452,547","$42,187,665"
Kubo and the Two Strings,"$48,023,088","$28,226,350","$76,249,438"
Manchester by the Sea,"$47,695,371","$31,292,777","$78,988,148"
Kill Bill: Vol. 1,"$70,099,045","$110,800,220","$180,899,265"
Fantastic Mr. Fox,"$21,002,919","$25,470,426","$46,473,345"
A Fistful of Dollars,"$14,500,000","$16,248","$14,516,248"
Just Mercy,"$36,001,502","$14,400,000","$50,401,502"
The Avengers,"$623,357,910","$895,457,605","$1,518,815,515"
Pirates of the Caribbean: The Curse of the Black Pearl,"$305,413,918","$348,850,097","$654,264,015"
Metropolis,"$1,236,166","$113,545","$1,349,711"
The Hobbit: The Desolation of Smaug,"$258,366,855","$700,000,000","$958,366,855"
Me Before You,"$56,245,075","$152,069,111","$208,314,186"
A Bag of Marbles,"$411,318","$10,487,680","$10,898,998"
The Lives of Others,"$11,286,112","$66,070,830","$77,356,942"
La La Land,"$151,101,803","$297,762,541","$448,864,344"
Blade Runner,"$32,868,943","$8,803,219","$41,672,162"
