url,titleen,budget,boxdom,boxint,boxtot
https://www.boxofficemojo.com/search/?q=La+Verite,The Truth,nan,"$9,619","$5,244,461","$5,254,080"
https://www.boxofficemojo.com/search/?q=Hors+Normes,The Specials,nan,"The story of two men, educators of children and adolescents with autism.","$19,363,826","$19,363,826"
https://www.boxofficemojo.com/search/?q=Captain+Fantastic,Captain Fantastic,nan,"$5,879,835","$17,243,757","$23,123,592"
https://www.boxofficemojo.com/search/?q=Zootopia,Zootopia,nan,"$341,268,248","$682,524,310","$1,023,792,558"
https://www.boxofficemojo.com/search/?q=Bohemian+Rhapsody,Bohemian Rhapsody,"$52,000,000","$216,668,042","$687,945,336","$904,613,378"
https://www.boxofficemojo.com/search/?q=Rear+Window,Rear Window,nan,"$36,764,313","$270,201","$37,034,514"
https://www.boxofficemojo.com/search/?q=Titanic,Titanic,"$200,000,000","$659,363,944","$1,812,390,363","$2,471,754,307"
https://www.boxofficemojo.com/search/?q=Whiplash,Whiplash,"$3,300,000","$13,092,000","$36,304,747","$49,396,747"
https://www.boxofficemojo.com/search/?q=The+King's+Speech,The King's Speech,"$15,000,000","$138,797,449","$288,576,868","$427,374,317"
https://www.boxofficemojo.com/search/?q=Psycho,Psycho,"$806,947","$32,000,000","$40,242","$32,040,242"
https://www.boxofficemojo.com/search/?q=Rush,Rush,"$38,000,000","$26,947,624","$70,035,385","$96,983,009"
https://www.boxofficemojo.com/search/?q=Up,Up,"$175,000,000","$293,004,164","$442,094,938","$735,099,102"
https://www.boxofficemojo.com/search/?q=How+to+Train+Your+Dragon,How to Train Your Dragon,"$165,000,000","$217,581,231","$277,297,528","$494,878,759"
https://www.boxofficemojo.com/search/?q=12+Years+a+Slave,12 Years a Slave,"$20,000,000","$56,671,993","$131,061,209","$187,733,202"
https://www.boxofficemojo.com/search/?q=Call+Me+By+Your+Name,Call Me by Your Name,nan,"$18,095,701","$23,792,959","$41,888,660"
https://www.boxofficemojo.com/search/?q=Vertigo,Vertigo,nan,"$7,705,225","$92,075","$7,797,300"
https://www.boxofficemojo.com/search/?q=Million+Dollar+Baby,Million Dollar Baby,"$30,000,000","$100,492,203","$116,271,443","$216,763,646"
https://www.boxofficemojo.com/search/?q=Dial+M.+for+Murder,Dial M for Murder,nan,"$12,562","$6,254","$18,816"
https://www.boxofficemojo.com/search/?q=Star+Wars:+Episode+III+-+Revenge+of+the+Sith,Star Wars: Episode III - Revenge of the Sith,"$113,000,000","$380,270,577","$488,119,983","$868,390,560"
https://www.boxofficemojo.com/search/?q=Cidade+de+Deus,City of God,nan,"$7,564,459","$23,116,334","$30,680,793"
https://www.boxofficemojo.com/search/?q=Okuribito,Departures,nan,"$1,498,210","$69,138,741","$70,636,951"
https://www.boxofficemojo.com/search/?q=Casablanca,Casablanca,"$950,000","$4,108,411","$267,876","$4,376,287"
https://www.boxofficemojo.com/search/?q=Snatch,Snatch,nan,"$30,328,156","$53,229,716","$83,557,872"
https://www.boxofficemojo.com/search/?q=El+Secreto+de+Sus+Ojos,The Secret in Their Eyes,nan,"$6,391,436","$28,688,214","$35,079,650"
https://www.boxofficemojo.com/search/?q=The+Butler,Lee Daniels' The Butler,"$30,000,000","$116,632,095","$60,681,700","$177,313,795"
https://www.boxofficemojo.com/search/?q=God's+Own+Country,God's Own Country,nan,"$335,609","$2,224,330","$2,559,939"
https://www.boxofficemojo.com/search/?q=Alita+:+Battle+Angel,Alita: Battle Angel,"$170,000,000","$85,838,210","$319,142,333","$404,980,543"
https://www.boxofficemojo.com/search/?q=Pride,Pride,nan,"$1,446,634","$15,328,995","$16,775,629"
https://www.boxofficemojo.com/search/?q=T%C3%B4ky%C3%B4+monogatari,Zoku Owarimonogatari,nan,"On the morning of March 16, Koyomi washed his face, and then he feels like his shadow in a mirror looks at him. When he touches a mirror without thinking, he falls into the reverse world. Can he go back to the real world?","$926,600","$926,600"
https://www.boxofficemojo.com/search/?q=La+passion+de+Jeanne+d'Arc,The Passion of Joan of Arc,nan,"In 1431, Jeanne d'Arc is placed on trial on charges of heresy. The ecclesiastical jurists attempt to force Jeanne to recant her claims of holy visions.",,"$21,877"
https://www.boxofficemojo.com/search/?q=Avengers:+Endgame,Avengers: Endgame,"$356,000,000","$858,373,000","$1,939,427,564","$2,797,800,564"
https://www.boxofficemojo.com/search/?q=Straight+Outta+Compton,Straight Outta Compton,"$28,000,000","$161,197,785","$40,437,206","$201,634,991"
https://www.boxofficemojo.com/search/?q=Letyat+Zhuravli,The Cranes Are Flying,nan,"Veronica plans a rendezvous with her lover, Boris, at the bank of river, only for him to be drafted into World War II shortly thereafter.",,"$17,923"
https://www.boxofficemojo.com/search/?q=Oldeuboi,Oldboy,nan,"$707,481","$14,294,635","$15,002,116"
https://www.boxofficemojo.com/search/?q=My+Name+Is+Khan,My Name Is Khan,nan,"$4,018,771","$38,326,589","$42,345,360"
https://www.boxofficemojo.com/search/?q=The+Notebook,The Notebook,"$29,000,000","$81,001,787","$36,813,370","$117,815,157"
https://www.boxofficemojo.com/search/?q=Amadeus,Amadeus,nan,"$51,973,029","$93,762","$52,066,791"
https://www.boxofficemojo.com/search/?q=Le+Chant+du+Loup,Le chant du loup,nan,"In the near future, a French submarine finds itself in a crisis situation.","$12,652,790","$12,652,790"
https://www.boxofficemojo.com/search/?q=Slumdog+Millionaire,Slumdog Millionaire,"$15,000,000","$141,319,928","$237,090,614","$378,410,542"
https://www.boxofficemojo.com/search/?q=The+Incredibles+2,Incredibles 2,nan,"$608,581,744","$634,507,500","$1,243,089,244"
https://www.boxofficemojo.com/search/?q=Demain+Tout+Commence,Demain tout commence,nan,"A bachelor enjoys his sweet life on the French Riviera until a one-night stand tells him, he's dad to Gloria and leaves her with him. He moves to London with Gloria. Mom turns up 8 years later.","$49,619,118","$49,619,118"
https://www.boxofficemojo.com/search/?q=L'Insulte,The Insult,nan,"$1,001,305","$2,600,298","$3,601,603"
https://www.boxofficemojo.com/search/?q=Hachi:+A+Dog's+Tale,Hachi: A Dog's Tale,nan,A college professor bonds with an abandoned dog he takes into his home.,"$46,749,646","$46,749,646"
https://www.boxofficemojo.com/search/?q=Toy+Story+4,Toy Story 4,"$200,000,000","$434,038,008","$639,356,585","$1,073,394,593"
https://www.boxofficemojo.com/search/?q=Isle+Of+Dogs,Isle of Dogs,nan,"$32,015,231","$32,284,126","$64,299,357"
https://www.boxofficemojo.com/search/?q=The+Great+Escape,The Great Escape,nan,Allied prisoners of war plan for several hundred of their number to escape from a German camp during World War II.,"$227,940","$227,940"
https://www.boxofficemojo.com/search/?q=Rain+Man,Rain Man,"$25,000,000","$172,825,435","$182,000,000","$354,825,435"
https://www.boxofficemojo.com/search/?q=Seppuku,Hara-Kiri,nan,"When a ronin requesting seppuku at a feudal lord's palace is told of the brutal suicide of another ronin who previously visited, he reveals how their pasts are intertwined - and in doing so challenges the clan's integrity.","$15,222","$15,222"
https://www.boxofficemojo.com/search/?q=Sunset+Blvd.,Sunset Blvd.,nan,"$299,645",$428,"$300,073"
https://www.boxofficemojo.com/search/?q=E.T.+The+Extra-Terrestrial,E.T. the Extra-Terrestrial,"$10,500,000","$435,110,554","$304,203,888","$792,910,554"
https://www.boxofficemojo.com/search/?q=Hauru+no+ugoku+shiro,Howl's Moving Castle,nan,"$5,576,743","$230,637,703","$236,214,446"
https://www.boxofficemojo.com/search/?q=Dallas+Buyers+Club,Dallas Buyers Club,"$5,000,000","$27,298,285","$28,438,303","$55,736,588"
"https://www.boxofficemojo.com/search/?q=Three+Billboards+Outside+Ebbing,+Missouri","Three Billboards Outside Ebbing, Missouri",nan,"$54,513,740","$105,678,291","$160,192,031"
https://www.boxofficemojo.com/search/?q=Taxi+Driver,Taxi Driver,nan,"$28,262,574","$178,718","$28,441,292"
https://www.boxofficemojo.com/search/?q=The+Prestige,The Prestige,"$40,000,000","$53,089,891","$56,586,420","$109,676,311"
https://www.boxofficemojo.com/search/?q=The+Night+of+the+Hunter,The Night of the Hunter,nan,"A religious fanatic marries a gullible widow whose young children are reluctant to tell him where their real daddy hid the $10,000 he'd stolen in a robbery.","$2,001","$2,001"
https://www.boxofficemojo.com/search/?q=Tonari+no+Totoro,My Neighbor Totoro,nan,"$2,250,213","$28,297,348","$30,547,561"
https://www.boxofficemojo.com/search/?q=Modern+Times,Modern Times,nan,"$163,577","$294,111","$457,688"
https://www.boxofficemojo.com/search/?q=Nous+trois+ou+rien,All Three of Us,nan,"An Iranian family survives the shah and the ayatollah and moves to France. This story follows the family through it all. Despite the politics, revolution, prison, beatings, assassinations and suicides this is a comedy.","$3,985,169","$3,985,169"
https://www.boxofficemojo.com/search/?q=The+Sixth+Sense,The Sixth Sense,"$40,000,000","$293,506,292","$379,300,000","$672,806,292"
https://www.boxofficemojo.com/search/?q=How+to+Train+Your+Dragon+2,How to Train Your Dragon 2,"$145,000,000","$177,002,924","$444,534,595","$621,537,519"
https://www.boxofficemojo.com/search/?q=Star+Wars:+Episode+VI+-+Return+of+the+Jedi,Star Wars: Episode VI - Return of the Jedi,"$32,500,000","$309,306,177","$122,009,457","$475,106,177"
https://www.boxofficemojo.com/search/?q=Hotaru+No+Haka,Grave of the Fireflies,nan,A young boy and his little sister struggle to survive in Japan during World War II.,,"$516,962"
https://www.boxofficemojo.com/search/?q=Star+Wars:+Episode+IV+-+A+New+Hope,Star Wars: Episode IV - A New Hope,"$11,000,000","$460,998,507","$195,751,992","$775,398,007"
https://www.boxofficemojo.com/search/?q=The+Silence+of+the+Lambs,The Silence of the Lambs,"$19,000,000","$130,742,922","$142,000,000","$272,742,922"
https://www.boxofficemojo.com/search/?q=Back+to+the+Future,Back to the Future,"$19,000,000","$211,406,762","$170,500,000","$381,109,762"
https://www.boxofficemojo.com/search/?q=Joker,Joker,"$55,000,000","$335,451,311","$738,800,000","$1,074,251,311"
https://www.boxofficemojo.com/search/?q=The+Imitation+Game,The Imitation Game,nan,"$91,125,683","$142,430,025","$233,555,708"
https://www.boxofficemojo.com/search/?q=Kimi+no+na+wa.,Your Name.,nan,"$5,017,246","$352,968,841","$357,986,087"
https://www.boxofficemojo.com/search/?q=One+Flew+Over+the+Cuckoo's+Nest,One Flew Over the Cuckoo's Nest,"$3,000,000","$108,981,275","$16,354","$108,997,629"
https://www.boxofficemojo.com/search/?q=The+Lord+of+the+Rings:+The+Return+of+the+King,The Lord of the Rings: The Return of the King,"$94,000,000","$377,845,905","$764,611,082","$1,142,456,987"
https://www.boxofficemojo.com/search/?q=The+Godfather,The Godfather,"$6,000,000","$134,966,411","$111,154,575","$246,120,986"
https://www.boxofficemojo.com/search/?q=Schindler's+List,Schindler's List,"$22,000,000","$96,898,818","$225,262,427","$322,161,245"
https://www.boxofficemojo.com/search/?q=The+Shawshank+Redemption,The Shawshank Redemption,"$25,000,000","$28,699,976","$117,315","$28,817,291"
https://www.boxofficemojo.com/search/?q=The+Green+Mile,The Green Mile,"$60,000,000","$136,801,374","$150,000,000","$286,801,374"
https://www.boxofficemojo.com/search/?q=Twelve+Angry+Men,12 Angry Men,nan,A jury holdout attempts to prevent a miscarriage of justice by forcing his colleagues to reconsider the evidence.,$955,$955
https://www.boxofficemojo.com/search/?q=Mustang,The Mustang,nan,"$5,043,620","$1,362,196","$6,405,816"
https://www.boxofficemojo.com/search/?q=Midnight+Express,Midnight Express,"$2,300,000",", an American college student, is caught smuggling drugs out of Turkey and thrown into prison.",,"$35,000,000"
https://www.boxofficemojo.com/search/?q=The+Dark+Knight,The Dark Knight,"$185,000,000","$534,858,444","$471,115,201","$1,005,973,645"
https://www.boxofficemojo.com/search/?q=Avatar,Avatar,"$237,000,000","$760,507,625","$2,029,931,467","$2,790,439,092"
https://www.boxofficemojo.com/search/?q=The+Greatest+Showman,The Greatest Showman,"$84,000,000","$174,340,174","$260,769,981","$435,110,155"
https://www.boxofficemojo.com/search/?q=WALL%E2%80%A2E,WALL·E,"$180,000,000","$223,808,164","$297,503,696","$521,311,860"
https://www.boxofficemojo.com/search/?q=Ready+Player+One,Ready Player One,"$175,000,000","$137,690,172","$445,203,499","$582,893,671"
https://www.boxofficemojo.com/search/?q=Philadelphia,Philadelphia,"$26,000,000","$77,446,440","$129,232,000","$206,678,440"
https://www.boxofficemojo.com/search/?q=Scarface,Scarface,nan,"$45,408,703","$20,476,000","$65,884,703"
https://www.boxofficemojo.com/search/?q=Pupille,In Safe Hands,nan,"$1,737","$7,084,859","$7,086,596"
https://www.boxofficemojo.com/search/?q=Ugetsu+monogatari,Ugetsu,nan,"$11,197","$13,762","$24,959"
https://www.boxofficemojo.com/search/?q=Ratatouille,Ratatouille,"$150,000,000","$206,445,654","$417,280,431","$623,726,085"
https://www.boxofficemojo.com/search/?q=Carlito's+Way,Carlito's Way,"$30,000,000","$36,948,322","$26,900,000","$63,848,322"
https://www.boxofficemojo.com/search/?q=C'est+tout+pour+moi,C'est tout pour moi,nan,"Lila had a dream to become a dancer since she's a little. She went to Paris trying to make her dream come true. But soon she found out it's not what she thought, her dream was disillusioned. Then she decided to be as a stand-up comedian and a famous one to make her father proud..","$5,521,370","$5,521,370"
https://www.boxofficemojo.com/search/?q=The+Elephant+Man,The Elephant Man,nan,"$26,010,864","$12,597","$26,023,461"
https://www.boxofficemojo.com/search/?q=Song+of+the+Sea,Song of the Sea,nan,"$857,522","$3,333,362","$4,190,884"
https://www.boxofficemojo.com/search/?q=Ernest+et+Celestine,Ernest & Celestine,nan,"$262,075","$7,849,062","$8,111,137"
https://www.boxofficemojo.com/search/?q=Okami+kodomo+no+ame+to+yuki,Wolf Children,nan,"After her werewolf lover unexpectedly dies in an accident while hunting for food for their children, a young woman must find ways to raise the werewolf son and daughter that she had with him while keeping their trait hidden from society.","$55,060,661","$55,060,661"
https://www.boxofficemojo.com/search/?q=The+Untouchables,The Untouchables,nan," and, because of rampant corruption, assembles a small, hand-picked team to help him.",,"$76,270,454"
https://www.boxofficemojo.com/search/?q=Citizen+Kane,Citizen Kane,nan,"$1,585,634","$15,085","$1,600,719"
https://www.boxofficemojo.com/search/?q=Inglourious+Basterds,Inglourious Basterds,"$70,000,000","$120,540,719","$200,914,970","$321,455,689"
https://www.boxofficemojo.com/search/?q=Aladdin,Aladdin,"$183,000,000","$355,559,216","$695,134,737","$1,050,693,953"
https://www.boxofficemojo.com/search/?q=Sauver+ou+perir,Through the Fire,nan,"The heartbreaking hero's journey and true story of a Paris fireman, husband and dad.","$8,123,764","$8,123,764"
https://www.boxofficemojo.com/search/?q=North+by+Northwest,North by Northwest,nan,A New York City advertising executive goes on the run after being mistaken for a government agent by a group of foreign spies.,"$73,695","$73,695"
https://www.boxofficemojo.com/search/?q=Patients,Step by Step,nan,"Patients is the story of a rebirth, a chaotic journey of victories and defeats, tears and bursts of laughter, but above all encounters: we do not heal alone.","$8,700,784","$8,700,784"
https://www.boxofficemojo.com/search/?q=Wonder,Wonder,nan,"$132,422,809","$173,517,797","$305,940,606"
https://www.boxofficemojo.com/search/?q=L'Armee+des+Ombres,Army of Shadows,nan,"$771,956","$68,766","$840,722"
https://www.boxofficemojo.com/search/?q=Casino,Casino,nan,"$42,512,375","$73,600,000","$116,112,375"
https://www.boxofficemojo.com/search/?q=Into+the+Wild,Into the Wild,nan,"$18,354,356","$38,321,539","$56,675,895"
https://www.boxofficemojo.com/search/?q=The+Theory+of+Everything,The Theory of Everything,"$15,000,000","$35,893,537","$87,833,151","$123,726,688"
https://www.boxofficemojo.com/search/?q=Gone+Girl,Gone Girl,"$61,000,000","$167,767,189","$201,563,174","$369,330,363"
https://www.boxofficemojo.com/search/?q=Dead+Poets+Society,Dead Poets Society,nan,"$95,860,116","$140,000,000","$235,860,116"
https://www.boxofficemojo.com/search/?q=Tenki+no+Ko,Weathering with You,nan,"$7,798,743","$185,663,603","$193,462,346"
https://www.boxofficemojo.com/search/?q=Ma+Vie+De+Courgette,My Life as a Zucchini,nan,"$309,766","$5,563,490","$5,873,256"
https://www.boxofficemojo.com/search/?q=Back+to+the+Future+Part+II,Back to the Future Part II,"$40,000,000","$119,000,002","$213,500,000","$331,950,002"
https://www.boxofficemojo.com/search/?q=Dances+with+Wolves,Dances with Wolves,"$22,000,000","$184,208,848","$240,000,000","$424,208,848"
https://www.boxofficemojo.com/search/?q=The+Gold+Rush,The Gold Rush,nan,A prospector goes to the Klondike in search of gold and finds it and more.,"$26,916","$26,916"
https://www.boxofficemojo.com/search/?q=It's+a+Wonderful+Life,It's a Wonderful Life,nan,"$44,000","$6,140,298","$6,184,298"
https://www.boxofficemojo.com/search/?q=Tenku+no+shiro+Rapyuta,Castle in the Sky,nan,"$523,664","$5,516,357","$6,040,021"
https://www.boxofficemojo.com/search/?q=Dofus+-+Livre+1+:+Julith,Dofus - Livre 1: Julith,nan,"The strange little guy in the blue hood is well known to Krosmoz. His name is Joris and he's proposing to take you on a fantastic adventure. Our hero is leading a happy life in his magic shop in the city of Bonta. But one day, when he seeks out his idol, a Gobbowl superstar, everything changes for the worst as Julith, the vengeful witch, is back in town!","$13,804","$13,804"
https://www.boxofficemojo.com/search/?q=Harry+Potter+and+the+Deathly+Hallows+-+Part+2,Harry Potter and the Deathly Hallows: Part 2,nan,"$381,409,310","$960,814,625","$1,342,223,936"
https://www.boxofficemojo.com/search/?q=Forrest+Gump,Forrest Gump,"$55,000,000","$330,455,270","$347,770,863","$678,226,133"
https://www.boxofficemojo.com/search/?q=Raging+Bull,Raging Bull,nan,"$23,383,987","$18,440","$23,402,427"
https://www.boxofficemojo.com/search/?q=Koe+no+katachi,A Silent Voice: The Movie,nan,"$644,391","$29,846,056","$30,490,447"
https://www.boxofficemojo.com/search/?q=Room,Room,nan,"$14,677,654","$20,724,104","$35,401,758"
https://www.boxofficemojo.com/search/?q=Inside+Out,Inside Out,"$175,000,000","$356,921,711","$501,149,639","$858,071,350"
https://www.boxofficemojo.com/search/?q=The+Truman+Show,The Truman Show,nan,"$125,618,201","$138,500,000","$264,118,201"
https://www.boxofficemojo.com/search/?q=Heat,Heat,nan,"$67,436,818","$120,000,000","$187,436,818"
https://www.boxofficemojo.com/search/?q=Kaguya-hime+no+monogatari,The Tale of The Princess Kaguya,nan,"$974,913","$23,731,253","$24,706,166"
https://www.boxofficemojo.com/search/?q=City+Lights,City Lights,nan,"$19,181","$26,827","$46,008"
https://www.boxofficemojo.com/search/?q=Incendies,Incendies,"$6,800,000","$2,071,334","$5,028,264","$7,099,598"
https://www.boxofficemojo.com/search/?q=Paths+of+Glory,Paths of Glory,nan,"After refusing to attack an enemy position, a general accuses the soldiers of cowardice and their commanding officer must defend them.","$5,252","$5,252"
https://www.boxofficemojo.com/search/?q=Prisoners,Prisoners,"$46,000,000","$61,002,302","$61,124,385","$122,126,687"
https://www.boxofficemojo.com/search/?q=The+Kid,The Kid,nan,"$1,508,593","$53,105","$1,561,698"
https://www.boxofficemojo.com/search/?q=Shutter+Island,Shutter Island,"$80,000,000","$128,012,934","$166,792,763","$294,805,697"
https://www.boxofficemojo.com/search/?q=How+To+Train+Your+Dragon:+The+Hidden+World,How to Train Your Dragon: The Hidden World,"$129,000,000","$160,799,505","$363,584,144","$524,383,649"
https://www.boxofficemojo.com/search/?q=Jirai+mourir+dans+les+Carpates,J'irai Mourir Dans Les Carpates,nan," after a car accident . His editor, Agnès, tries to find him thanks to the pictures of his trip.","$715,963","$715,963"
https://www.boxofficemojo.com/search/?q=Avengers:+Infinity+War,Avengers: Infinity War,nan,"$678,815,482","$1,369,544,272","$2,048,359,754"
https://www.boxofficemojo.com/search/?q=Ford+v.+Ferrari,Ford v Ferrari,"$97,600,000","$117,624,357","$107,883,853","$225,508,210"
https://www.boxofficemojo.com/search/?q=Edward+Scissorhands,Edward Scissorhands,nan,"$56,362,352","$29,661,653","$86,024,005"
https://www.boxofficemojo.com/search/?q=Bakemono+No+Ko,The Boy and the Beast,nan,"$490,643","$49,278,001","$49,768,644"
https://www.boxofficemojo.com/search/?q=Alien,Alien,"$11,000,000","$81,900,459","$24,385,063","$106,285,522"
https://www.boxofficemojo.com/search/?q=1917,1917,"$95,000,000","$159,227,644","$225,688,168","$384,915,812"
https://www.boxofficemojo.com/search/?q=The+Help,The Help,"$25,000,000","$169,708,112","$46,931,000","$216,639,112"
https://www.boxofficemojo.com/search/?q=Indiana+Jones+and+the+Last+Crusade,Indiana Jones and the Last Crusade,"$48,000,000","$197,171,806","$277,000,000","$474,171,806"
https://www.boxofficemojo.com/search/?q=Reservoir+Dogs,Reservoir Dogs,"$1,200,000","$2,832,029","$58,386","$2,890,415"
https://www.boxofficemojo.com/search/?q=The+Godfather:+Part+II,The Godfather: Part II,"$13,000,000","$47,834,595","$201,188","$48,035,783"
https://www.boxofficemojo.com/search/?q=Toy+Story+3,Toy Story 3,"$200,000,000","$415,004,880","$651,965,931","$1,066,970,811"
https://www.boxofficemojo.com/search/?q=Leon,Léon: The Professional,nan,"$19,501,238","$51,401","$19,552,639"
https://www.boxofficemojo.com/search/?q=Lion,Lion,"$12,000,000","$51,738,905","$88,574,023","$140,312,928"
https://www.boxofficemojo.com/search/?q=Se7en,Se7en,"$33,000,000","$100,125,643","$227,207,916","$327,333,559"
https://www.boxofficemojo.com/search/?q=Full+Metal+Jacket,Full Metal Jacket,"$30,000,000",A pragmatic U.S. Marine observes the dehumanizing effects the Vietnam War has on his fellow recruits from their brutal boot camp training to the bloody street fighting in Hue.,,"$46,357,676"
https://www.boxofficemojo.com/search/?q=Goodfellas,Goodfellas,nan,"$46,836,214","$116,777","$46,952,991"
https://www.boxofficemojo.com/search/?q=Star+Wars:+Episode+V+-+The+Empire+Strikes+Back,Star Wars: Episode V - The Empire Strikes Back,"$18,000,000","$292,753,960","$190,685,234","$538,375,067"
https://www.boxofficemojo.com/search/?q=Once+Upon+a+Time+in+the+West,Once Upon a Time in the West,nan,"$5,321,508","$113,317","$5,415,645"
https://www.boxofficemojo.com/search/?q=The+Matrix,The Matrix,"$63,000,000","$171,479,930","$294,884,752","$466,364,682"
"https://www.boxofficemojo.com/search/?q=Il+Buono,+il+brutto,+il+cattivo","The Good, the Bad and the Ugly",nan,"$25,100,000","$152,927","$25,252,927"
https://www.boxofficemojo.com/search/?q=The+Broken+Circle+Breakdown,The Broken Circle Breakdown,nan,"$175,058","$5,815,696","$5,990,754"
https://www.boxofficemojo.com/search/?q=Green+Book,Green Book,"$23,000,000","$85,080,171","$236,672,485","$321,752,656"
https://www.boxofficemojo.com/search/?q=Coco,Coco,nan,"$210,460,015","$597,357,873","$807,817,888"
https://www.boxofficemojo.com/search/?q=Capharnaum,Capernaum,nan,"$1,661,096","$62,755,907","$64,417,003"
https://www.boxofficemojo.com/search/?q=The+Pianist,The Pianist,"$35,000,000","$32,572,577","$87,500,000","$120,072,577"
https://www.boxofficemojo.com/search/?q=Spider-Man:+Into+the+Spider-Verse,Spider-Man: Into the Spider-Verse,"$90,000,000","$190,241,310","$185,299,521","$375,540,831"
https://www.boxofficemojo.com/search/?q=Saving+Private+Ryan,Saving Private Ryan,"$70,000,000","$217,049,603","$265,300,000","$482,349,603"
https://www.boxofficemojo.com/search/?q=Once+Upon+a+Time+in+America,Once Upon a Time in America,nan,"$5,321,508","$151,406","$5,472,914"
https://www.boxofficemojo.com/search/?q=Apocalypse+Now,Apocalypse Now,nan,"$83,471,511","$8,672,994","$92,144,505"
https://www.boxofficemojo.com/search/?q=Mommy,Mommy,nan,"$3,494,070","$9,662,786","$13,156,856"
https://www.boxofficemojo.com/search/?q=Fight+Club,Fight Club,"$63,000,000","$37,030,102","$64,179,491","$101,209,593"
https://www.boxofficemojo.com/search/?q=Gisaengchung,Parasite,"$11,400,000","$53,369,749","$205,460,672","$258,830,421"
https://www.boxofficemojo.com/search/?q=The+Deer+Hunter,The Deer Hunter,"$15,000,000","$48,979,328","$94,915","$49,074,243"
https://www.boxofficemojo.com/search/?q=Gladiator,Gladiator,"$103,000,000","$187,705,427","$277,659,118","$465,364,545"
https://www.boxofficemojo.com/search/?q=Gran+Torino,Gran Torino,"$33,000,000","$148,095,302","$121,862,926","$269,958,228"
https://www.boxofficemojo.com/search/?q=The+Lord+of+the+Rings:+The+Two+Towers,The Lord of the Rings: The Two Towers,"$94,000,000","$342,551,365","$600,844,768","$943,396,133"
https://www.boxofficemojo.com/search/?q=Django+Unchained,Django Unchained,"$100,000,000","$162,805,434","$262,562,804","$425,368,238"
https://www.boxofficemojo.com/search/?q=Mononoke-Hime,Princess Mononoke,nan,"$4,845,631","$164,940,073","$169,785,704"
https://www.boxofficemojo.com/search/?q=The+Lion+King,The Lion King,"$260,000,000","$543,638,043","$1,114,232,943","$1,657,870,986"
https://www.boxofficemojo.com/search/?q=Sen+to+Chihiro+no+Kamikakushi,Spirited Away,nan,"$13,750,644","$341,725,273","$355,475,917"
https://www.boxofficemojo.com/search/?q=The+Lord+of+the+Rings:+The+Fellowship+of+the+Ring,The Lord of the Rings: The Fellowship of the Ring,"$93,000,000","$315,544,750","$572,614,342","$888,159,092"
https://www.boxofficemojo.com/search/?q=La+vita+e+bella,Life Is Beautiful,nan,"$57,563,264","$172,535,489","$230,098,753"
https://www.boxofficemojo.com/search/?q=The+Great+Dictator,The Great Dictator,nan,Dictator Adenoid Hynkel tries to expand his empire while a poor Jewish barber tries to avoid persecution from Hynkel's regime.,"$969,879","$969,879"
https://www.boxofficemojo.com/search/?q=American+History+X,American History X,"$20,000,000","$6,719,864","$17,155,263","$23,875,127"
https://www.boxofficemojo.com/search/?q=Intouchables,The Intouchables,nan,"$10,198,820","$416,389,690","$426,588,510"
https://www.boxofficemojo.com/search/?q=Barry+Lyndon,Barry Lyndon,nan,An Irish rogue wins the heart of a rich widow and assumes her dead husband's aristocratic position in 18th-century England.,"$198,992","$198,992"
https://www.boxofficemojo.com/search/?q=Pulp+Fiction,Pulp Fiction,"$8,000,000","$107,928,762","$106,000,000","$213,928,762"
https://www.boxofficemojo.com/search/?q=Hacksaw+Ridge,Hacksaw Ridge,"$40,000,000","$67,209,615","$113,241,303","$180,450,918"
https://www.boxofficemojo.com/search/?q=Interstellar,Interstellar,"$165,000,000","$188,020,017","$513,709,110","$701,729,127"
https://www.boxofficemojo.com/search/?q=Edmond,Edmond,nan,"$131,719","$111,805","$243,524"
https://www.boxofficemojo.com/search/?q=The+Usual+Suspects,The Usual Suspects,"$6,000,000","A sole survivor tells of the twisty events leading up to a horrific gun battle on a boat, which began when five criminals met at a seemingly random police lineup.",,"$23,341,568"
https://www.boxofficemojo.com/search/?q=Hidden+Figures,Hidden Figures,"$25,000,000","$169,607,287","$66,617,906","$236,225,193"
https://www.boxofficemojo.com/search/?q=The+Dark+Knight+Rises,The Dark Knight Rises,"$250,000,000","$448,139,099","$633,003,513","$1,081,142,612"
https://www.boxofficemojo.com/search/?q=Inception,Inception,"$160,000,000","$292,576,195","$544,260,772","$836,836,967"
https://www.boxofficemojo.com/search/?q=Mauvaises+herbes,Bad Seeds,nan,"Wael (Kheiron) a former street child, makes a living from small scams with his adoptive mother and partner-in-crime Monique (Catherine Deneuve). When this unconventional duo swindles the wrong guy, Victor (André Dussollier), an old acquaintance of Monique now in charge of a support organization for troubled teens, they have no choice but to become his interim secretary and educator in order to redeem themselves. Facing six willful kids determined to spoil all his efforts, Wael's own personal story and inventive tricks become the key to gaining their trust - and he soon realizes that he too is given a chance to heal his past and find his place in society.","$3,067,893","$3,067,893"
https://www.boxofficemojo.com/search/?q=Au+Revoir+La-haut,See You Up There,nan,"November 1919. Two soldiers - a disfigured but brilliant artist and an ex-accountant - start a memorial con. But in the France of the Roaring Twenties, their adventures soon turn dangerous.","$16,094,346","$16,094,346"
https://www.boxofficemojo.com/search/?q=Singin'+in+the+Rain,Singin' in the Rain,nan,"$1,826,108","$38,948","$1,865,056"
https://www.boxofficemojo.com/search/?q=Raiders+of+the+Lost+Ark,Indiana Jones and the Raiders of the Lost Ark,"$18,000,000","$248,159,971","$141,766,000","$389,925,971"
https://www.boxofficemojo.com/search/?q=Les+enfants+du+paradis,Children of Paradise,nan,"$36,986","$5,795","$42,781"
https://www.boxofficemojo.com/search/?q=Warrior,Warrior,"$25,000,000","$13,657,115","$9,651,500","$23,308,615"
https://www.boxofficemojo.com/search/?q=The+Grand+Budapest+Hotel,The Grand Budapest Hotel,"$25,000,000","$59,301,324","$113,643,202","$172,944,526"
https://www.boxofficemojo.com/search/?q=Jurassic+Park,Jurassic Park,"$63,000,000","$404,214,720","$629,713,583","$1,033,928,303"
https://www.boxofficemojo.com/search/?q=The+Shining,The Shining,"$19,000,000","$45,332,952","$1,666,342","$46,999,294"
https://www.boxofficemojo.com/search/?q=Terminator+2+:+Judgement+Day,Terminator 2: Judgment Day,"$102,000,000","$205,881,154","$312,106,698","$520,881,154"
https://www.boxofficemojo.com/search/?q=Mary+and+Max,Mary and Max,nan,"A tale of friendship between two unlikely pen pals: Mary, a lonely, eight-year-old girl living in the suburbs of Melbourne, and Max, a forty-four-year old, severely obese man living in New York.","$1,740,429","$1,740,429"
https://www.boxofficemojo.com/search/?q=120+battements+Par+Minute,BPM (Beats Per Minute),nan,"$125,189","$7,579,180","$7,704,369"
https://www.boxofficemojo.com/search/?q=Saving+Mr.+Banks,Saving Mr. Banks,"$35,000,000","$83,301,580","$34,566,404","$117,867,984"
https://www.boxofficemojo.com/search/?q=The+Nightmare+Before+Christmas,The Nightmare Before Christmas,nan,"$77,368,668","$14,122,579","$91,491,247"
https://www.boxofficemojo.com/search/?q=Lone+Survivor,Lone Survivor,"$40,000,000","$125,095,601","$29,707,311","$154,802,912"
https://www.boxofficemojo.com/search/?q=Agassi,Classic Again,nan,"In a love triangle that miraculously mirrors her mother's romance years ago, a young woman let's her heart lead.","$175,027","$175,027"
https://www.boxofficemojo.com/search/?q=A+Star+Is+Born,A Star Is Born,"$36,000,000","$215,288,866","$220,900,000","$436,188,866"
https://www.boxofficemojo.com/search/?q=M,M,nan,"When the police in a German city are unable to catch a child-murderer, other criminals join in the manhunt.",,"$35,566"
https://www.boxofficemojo.com/search/?q=American+Beauty,American Beauty,"$15,000,000","$130,096,601","$226,200,000","$356,296,601"
https://www.boxofficemojo.com/search/?q=Divorzio+all'Italiana,Divorce Italian Style,nan,"A married Sicilian baron falls in love with his cousin and vows to wed her, but with divorce illegal he must concoct a crime of passion to do away with his wife.","$131,467","$131,467"
https://www.boxofficemojo.com/search/?q=Tout+en+haut+du+monde,Long Way North,nan,"In 1882, a young Russian aristocrat goes on an epic adventure to find out what happened to her grandfather and save her family's reputation.","$60,352","$60,352"
https://www.boxofficemojo.com/search/?q=The+Boat+That+Rocked,Pirate Radio,"$50,000,000","$8,017,917","$28,330,867","$36,348,784"
https://www.boxofficemojo.com/search/?q=Soshite+Chichi+ni+Naru,"Like Father, Like Son",nan,"$334,616","$36,835,547","$37,170,163"
https://www.boxofficemojo.com/search/?q=The+Revenant,The Revenant,"$135,000,000","$183,637,894","$349,312,609","$532,950,503"
https://www.boxofficemojo.com/search/?q=The+Hobbit:+The+Desolation+of+Smaug,The Hobbit: The Desolation of Smaug,nan,"$258,366,855","$700,000,000","$958,366,855"
https://www.boxofficemojo.com/search/?q=The+Perks+of+Being+a+Wallflower,The Perks of Being a Wallflower,nan,"$17,742,948","$15,641,179","$33,384,127"
https://www.boxofficemojo.com/search/?q=Das+schweigende+Klassenzimmer,The Silent Revolution,nan,A group of twelfth-grade pupils decide to show their solidarity with the victims of the 1956 Hungarian uprising by staging two minutes of silence during lessons.,"$1,233,064","$1,233,064"
https://www.boxofficemojo.com/search/?q=Moana,Moana,nan,"$248,757,044","$394,593,954","$643,350,998"
https://www.boxofficemojo.com/search/?q=The+Wolf+Of+Wall+Street,The Wolf of Wall Street,"$100,000,000","$116,900,694","$275,100,000","$392,000,694"
https://www.boxofficemojo.com/search/?q=Guardians+Of+The+Galaxy,Guardians of the Galaxy,"$170,000,000","$333,718,600","$439,631,547","$773,350,147"
https://www.boxofficemojo.com/search/?q=Die+Hard,Die Hard,"$28,000,000","$83,844,093","$57,759,104","$141,603,197"
https://www.boxofficemojo.com/search/?q=The+Fifth+Element,The Fifth Element,nan,"$63,820,180","$200,100,000","$263,920,180"
https://www.boxofficemojo.com/search/?q=Tangled,Tangled,"$260,000,000","$200,821,936","$391,640,880","$592,462,816"
https://www.boxofficemojo.com/search/?q=Some+Like+It+Hot,Some Like It Hot,nan,"After two male musicians witness a mob hit, they flee the state in an all-female band disguised as women, but further complications set in.","$195,088","$195,088"
https://www.boxofficemojo.com/search/?q=Platoon,Platoon,"$6,000,000","$138,530,565","$15,067","$138,545,632"
https://www.boxofficemojo.com/search/?q=Le+Nom+de+la+Rose,The Name of the Rose,nan,An intellectually nonconformist friar investigates a series of mysterious deaths in an isolated abbey.,,"$7,153,487"
https://www.boxofficemojo.com/search/?q=Ombline,Ombline,nan,The journey of a young mother in a prison with her baby boy.,"$8,817","$8,817"
https://www.boxofficemojo.com/search/?q=The+Fault+In+Our+Stars,The Fault in Our Stars,"$12,000,000","$124,872,350","$182,294,484","$307,166,834"
https://www.boxofficemojo.com/search/?q=The+Hobbit:+An+Unexpected+Journey,The Hobbit: An Unexpected Journey,nan,"$303,003,568","$714,000,000","$1,017,003,568"
https://www.boxofficemojo.com/search/?q=Starbuck,Delivery Man,"$26,000,000","$30,664,106","$22,456,240","$53,120,346"
https://www.boxofficemojo.com/search/?q=Omoide+no+Marnie,When Marnie Was There,nan,"$561,085","$34,388,482","$34,949,567"
https://www.boxofficemojo.com/search/?q=Braveheart,Braveheart,"$72,000,000","$75,609,945","$137,606,271","$212,215,441"
https://www.boxofficemojo.com/search/?q=Colonia,Colonia,nan,"$15,709","$3,605,337","$3,621,046"
https://www.boxofficemojo.com/search/?q=Gifted,Gifted,"$7,000,000","$24,801,212","$18,268,042","$43,069,254"
https://www.boxofficemojo.com/search/?q=Jagten,The Hunt,nan,"$613,308","$15,229,966","$15,843,274"
https://www.boxofficemojo.com/search/?q=Southpaw,Southpaw,"$30,000,000","$52,421,953","$39,548,874","$91,970,827"
https://www.boxofficemojo.com/search/?q=Salinui+chueok,Memories of Murder,nan,"$15,357","$1,142,805","$1,158,162"
https://www.boxofficemojo.com/search/?q=Eternal+Sunshine+of+the+Spotless+Mind,Eternal Sunshine of the Spotless Mind,"$20,000,000","$34,400,301","$39,636,414","$74,036,715"
https://www.boxofficemojo.com/search/?q=Kaze+no+tani+no+Naushika,Nausicaä of the Valley of the Wind,nan,"$495,770","$8,240,736","$8,736,506"
https://www.boxofficemojo.com/search/?q=La+grande+illusion,La Grande Illusion,nan,"During WWI, two French soldiers are captured and imprisoned in a German P.O.W. camp. Several escape attempts follow until they are eventually sent to a seemingly inescapable fortress.","$19,821","$19,821"
https://www.boxofficemojo.com/search/?q=Kingsman:+The+Secret+Service,Kingsman: The Secret Service,"$81,000,000","$128,261,724","$286,089,822","$414,351,546"
https://www.boxofficemojo.com/search/?q=Mystic+River,Mystic River,"$25,000,000","$90,135,191","$66,460,000","$156,595,191"
https://www.boxofficemojo.com/search/?q=Double+Indemnity,Double Indemnity,nan,An insurance representative lets himself be talked by a seductive housewife into a murder/insurance fraud scheme that arouses the suspicion of an insurance investigator.,"$13,886","$13,886"
https://www.boxofficemojo.com/search/?q=Requiem+for+a+Dream,Requiem for a Dream,nan,"$3,635,482","$3,754,626","$7,390,108"
https://www.boxofficemojo.com/search/?q=Toy+Story,Toy Story,nan,"$223,225,679","$171,210,907","$373,554,033"
https://www.boxofficemojo.com/search/?q=Hasta+la+vista,Come as You Are,nan,"Three guys in their twenties love wine and women but they are still virgins. Under the guise of a wine tour they embark on a journey to Spain hoping to have their first sexual experience. Jozef is blind, Philip is paralyzed from the neck down and Lars is in a wheelchair with a brain tumor, but they're not going to let anything stand in their way...","$2,720,777","$2,720,777"
https://www.boxofficemojo.com/search/?q=Papillon,Papillon,nan,"$2,335,896","$7,725,007","$10,060,903"
https://www.boxofficemojo.com/search/?q=The+Bridges+of+Madison+County,The Bridges of Madison County,"$24,000,000","$71,516,617","$110,500,000","$182,016,617"
https://www.boxofficemojo.com/search/?q=Unforgiven,Unforgiven,nan,"$101,157,447","$58,000,000","$159,157,447"
https://www.boxofficemojo.com/search/?q=The+Red+Shoes,The Red Shoes,nan,A young ballet dancer is torn between the man she loves and her pursuit to become a prima ballerina.,"$30,846","$30,846"
https://www.boxofficemojo.com/search/?q=The+Hate+U+Give,The Hate U Give,"$23,000,000","$29,719,483","$5,214,526","$34,934,009"
https://www.boxofficemojo.com/search/?q=Laurence+Anyways,Laurence Anyways,nan,A drama that charts ten years in a transgender woman's relationship with her lover.,"$399,784","$399,784"
https://www.boxofficemojo.com/search/?q=La+La+Land,La La Land,"$30,000,000","$151,101,803","$297,762,541","$448,864,344"
https://www.boxofficemojo.com/search/?q=Manchester+By+the+Sea,Manchester by the Sea,"$9,000,000","$47,695,371","$31,292,777","$78,988,148"
https://www.boxofficemojo.com/search/?q=Fantastic+Mr.+Fox,Fantastic Mr. Fox,"$40,000,000","$21,002,919","$25,470,426","$46,473,345"
https://www.boxofficemojo.com/search/?q=Just+Mercy,Just Mercy,"$25,000,000","$36,001,502","$14,400,000","$50,401,502"
https://www.boxofficemojo.com/search/?q=The+Breadwinner,The Breadwinner,nan,"$313,215","$2,476,999","$2,790,214"
https://www.boxofficemojo.com/search/?q=Das+Leben+der+Anderen,The Lives of Others,"$2,000,000","$11,286,112","$66,070,830","$77,356,942"
https://www.boxofficemojo.com/search/?q=Giu+la+Testa,Duck You Sucker,nan,A low-life bandit and an I.R.A. explosives expert rebel against the government and become heroes of the Mexican Revolution.,$980,$980
https://www.boxofficemojo.com/search/?q=Loving+Vincent,Loving Vincent,nan,"$6,735,118","$35,452,547","$42,187,665"
https://www.boxofficemojo.com/search/?q=Chugyeogja,The Chaser,nan,A disgraced ex-policeman who runs a small ring of prostitutes finds himself in a race against time when one of his women goes missing.,"$36,495,748","$36,495,748"
https://www.boxofficemojo.com/search/?q=Metropolis,Metropolis,nan,"$1,236,166","$113,545","$1,349,711"
https://www.boxofficemojo.com/search/?q=Pirates+of+the+Caribbean:+The+Curse+of+the+Black+Pearl,Pirates of the Caribbean: The Curse of the Black Pearl,"$140,000,000","$305,413,918","$348,850,097","$654,264,015"
https://www.boxofficemojo.com/search/?q=Blanche+Nuit,Snow White: The Sequel,nan,"Follows what happens to Snow White and Prince Charming after their marriage, including the Prince's sexual trysts with Sleeping Beauty and Cinderella.","$56,253","$56,253"
https://www.boxofficemojo.com/search/?q=Per+un+pugno+di+dollari,A Fistful of Dollars,nan,"$14,500,000","$16,248","$14,516,248"
https://www.boxofficemojo.com/search/?q=Kubo+And+The+Two+Strings,Kubo and the Two Strings,"$60,000,000","$48,023,088","$28,226,350","$76,249,438"
https://www.boxofficemojo.com/search/?q=Ryan's+Daughter,Ryan's Daughter,nan,"Set in the wake of the 1916 Easter Rising, a married woman in a small Irish village has an affair with a troubled British officer.","$8,538","$8,538"
https://www.boxofficemojo.com/search/?q=One+Piece+Film+Z,One Piece Film Z,nan,A former Marine stands in the way of the Straw Hat Pirates.,"$74,223,861","$74,223,861"
https://www.boxofficemojo.com/search/?q=Un+Sac+De+Billes,A Bag of Marbles,nan,"$411,318","$10,487,680","$10,898,998"
https://www.boxofficemojo.com/search/?q=Captain+Phillips,Captain Phillips,"$55,000,000","$107,100,855","$111,690,956","$218,791,811"
https://www.boxofficemojo.com/search/?q=Parched,Parched,nan,"In the arid landscape of Rajasthan, four women navigate their way through personal and cultural difficulties.","$1,584,153","$1,584,153"
https://www.boxofficemojo.com/search/?q=Me+Before+You,Me Before You,"$20,000,000","$56,245,075","$152,069,111","$208,314,186"
https://www.boxofficemojo.com/search/?q=Kill+Bill:+Volume+1,Kill Bill: Vol. 1,"$30,000,000","$70,099,045","$110,800,220","$180,899,265"
https://www.boxofficemojo.com/search/?q=Blade+Runner,Blade Runner,nan,"$32,868,943","$8,803,219","$41,672,162"
https://www.boxofficemojo.com/search/?q=The+Avengers,The Avengers,"$220,000,000","$623,357,910","$895,457,605","$1,518,815,515"
